id_giocatore;Squadra;Ruolo;Giocatore;Titolarita;MV;FMV;PMA;Presenze;Pt_Tit;Minuti;Pt_Inf;Gol;Assist;Ammonizioni;Espulsioni;Rig_Segnati;Rig_Sbagliati;Gol_Subiti;Rig_Parati;Valorizzato;Penalizzato;Nome_Nascosto
0001;Atalanta;P;Carnesecchi;95,0%;6,36;5,58;6,6%;37;37;3330;0;0;0;0;0;0;0;35;2;;;
0002;Atalanta;P;Sportiello;1,0%;5,50;4,50;0,2%;1;1;90;0;0;0;0;0;0;0;1;0;;;
0003;Atalanta;P;Vismara;1,0%;0,00;0,00;0,2%;0;;;0;0;0;0;0;0;0;0;0;;;
0004;Atalanta;D;Bernasconi;95,0%;6,09;6,16;1,0%;22;17;1570;0;0;3;3;0;0;0;0;0;;;
0005;Atalanta;D;Scalvini;95,0%;6,06;6,44;1,2%;24;23;1819;2;3;1;2;0;0;0;0;0;Sì;;
0006;Atalanta;D;Kristensen T.;75,0%;5,98;6,23;0,6%;28;28;2475;1;3;0;4;0;0;0;0;0;;;
0007;Atalanta;D;Zappacosta;75,0%;6,06;6,30;1,0%;35;30;2580;0;3;1;3;0;0;0;0;0;;;
0008;Atalanta;D;Ahanor;50,0%;5,79;5,69;0,2%;21;15;1375;0;0;0;2;1;0;0;0;0;;;
0009;Atalanta;D;Bellanova;50,0%;5,82;5,82;0,4%;22;15;1375;0;0;1;2;0;0;0;0;0;;;
0010;Atalanta;D;Hien;50,0%;5,91;5,86;0,2%;28;20;1964;1;1;0;5;0;0;0;0;0;;;
0011;Atalanta;D;Kolasinac;50,0%;6,03;5,94;0,2%;17;15;1219;2;0;0;3;0;0;0;0;0;;;
0012;Atalanta;D;Kossounou;25,0%;5,94;6,10;0,2%;16;10;984;1;1;0;1;0;0;0;0;0;;Sì;
0013;Atalanta;C;Ederson D.s.;95,0%;6,25;6,43;2,7%;30;26;2236;0;2;1;3;0;1;0;0;0;;;
0014;Atalanta;C;De Roon;50,0%;5,97;6,00;0,2%;34;32;2703;1;1;2;6;1;0;0;0;0;;Sì;
0015;Atalanta;C;Gaetano;50,0%;6,06;6,31;0,4%;32;21;1911;0;2;4;4;0;0;0;0;0;;;
0016;Atalanta;C;Pasalic;50,0%;5,94;6,28;0,2%;31;21;1932;0;3;3;3;0;0;0;0;0;;;
0017;Atalanta;C;Samardzic;50,0%;5,93;6,29;3,8%;21;11;1022;0;2;2;1;0;0;0;0;0;;;Sì
0018;Atalanta;C;Zalewski;50,0%;6,10;6,41;0,2%;31;24;1905;1;2;5;3;0;0;0;0;0;;;
0019;Atalanta;C;Sulemana I.;25,0%;5,69;5,77;0,2%;18;7;895;0;1;0;3;0;0;0;0;0;;;
0020;Atalanta;A;De Ketelaere;95,0%;6,21;6,60;6,6%;31;26;2189;0;3;5;4;0;0;0;0;0;;;
0021;Atalanta;A;Raspadori;75,0%;6,12;6,89;3,8%;13;7;792;0;3;1;0;0;0;0;0;0;Sì;;
0022;Atalanta;A;Krstovic;50,0%;6,16;7,19;6,4%;32;18;1787;1;10;5;4;0;0;0;0;0;;;
0023;Atalanta;A;Scamacca;50,0%;6,18;7,54;11,0%;22;16;1318;0;10;1;2;0;2;0;0;0;;;
0024;Atalanta;A;Sulemana K.;1,0%;6,00;6,24;0,2%;21;9;1001;0;2;1;4;0;0;0;0;0;;;
0025;Bologna;P;Skorupski;75,0%;6,19;5,27;1,4%;18;19;1594;1;0;0;1;1;0;0;15;0;;;
0026;Bologna;P;Pessina Mas.;25,0%;6,13;5,63;0,2%;4;3;352;0;0;0;0;0;0;0;2;0;;;
0027;Bologna;P;Happonen;1,0%;0,00;0,00;0,2%;0;;;0;0;0;0;0;0;0;0;0;;;
0028;Bologna;D;Miranda J.;95,0%;6,00;6,10;1,1%;31;29;2574;1;1;3;6;0;0;0;0;0;;;
0029;Bologna;D;Heggem;50,0%;5,84;5,80;0,2%;25;23;2112;0;0;0;0;1;0;0;0;0;;;
0030;Bologna;D;Vitik;50,0%;5,94;5,86;0,2%;18;14;1323;1;0;0;3;0;0;0;0;0;;;
0031;Bologna;D;Zortea;50,0%;5,86;5,90;0,4%;28;16;1808;0;0;2;2;0;0;0;0;0;;;
0032;Bologna;D;Alhassane;25,0%;0,00;0,00;;27;18;1716;0;0;0;0;0;0;0;0;0;;;
0033;Bologna;D;Holm;25,0%;6,09;6,43;0,2%;16;10;885;0;1;4;1;1;0;0;0;0;;;
0034;Bologna;D;Casale;1,0%;5,65;5,65;;10;8;677;2;0;0;0;0;0;0;0;0;;;
0035;Bologna;D;De Silvestri;1,0%;6,05;5,95;0,2%;10;6;491;1;0;0;2;0;0;0;0;0;;;
0036;Bologna;D;Helland;1,0%;5,50;5,33;0,2%;6;6;488;2;0;0;2;0;0;0;0;0;;;
0037;Bologna;C;Orsolini;95,0%;6,06;6,77;12,2%;34;26;2129;0;10;1;2;0;4;2;0;0;Sì;;
0038;Bologna;C;Pobega;75,0%;5,83;6,18;0,2%;23;17;1434;0;3;1;2;1;0;0;0;0;;;
0039;Bologna;C;Rowe;75,0%;6,20;6,59;4,0%;28;17;1609;1;3;3;2;0;0;0;0;0;Sì;;
0040;Bologna;C;Bernardeschi;50,0%;6,04;6,56;1,4%;24;12;1212;0;4;2;3;0;1;0;0;0;;;Sì
0041;Bologna;C;Cambiaghi;50,0%;5,98;6,42;0,2%;24;17;1519;0;3;4;3;1;0;0;0;0;;;
0042;Bologna;C;Ferguson;50,0%;5,80;5,78;0,2%;23;17;1597;0;1;0;5;1;0;0;0;0;;;
0043;Bologna;C;Moro N.;50,0%;5,93;6,13;0,2%;28;19;1798;1;2;0;1;0;0;0;0;0;;;
0044;Bologna;C;Odgaard;50,0%;5,91;6,61;0,2%;22;16;1381;0;5;1;1;0;0;0;0;0;;;
0045;Bologna;C;Amondarain;25,0%;0,00;0,00;0,2%;0;;;0;0;0;0;0;0;0;0;0;;;
0046;Bologna;C;El Azzouzi O.;1,0%;0,00;0,00;;11;10;814;0;0;0;0;0;0;0;0;0;;;
0047;Bologna;A;Dovbyk;50,0%;6,00;6,77;9,0%;13;3;386;2;3;1;0;0;0;0;0;0;;;
0048;Bologna;A;Piccoli;50,0%;5,78;6,24;0,4%;27;16;1662;0;4;1;1;0;0;0;0;0;;;
0049;Cagliari;P;Caprile;95,0%;6,29;4,87;1,0%;38;38;3420;0;0;0;2;0;0;0;53;0;;;
0050;Cagliari;P;Radunovic;1,0%;0,00;0,00;0,1%;16;15;1394;0;0;0;0;0;0;0;25;0;;;
0051;Cagliari;P;Sherri;1,0%;0,00;0,00;0,2%;0;0;0;0;0;0;0;0;0;0;0;0;;;
0052;Cagliari;D;Mina;95,0%;6,00;6,17;0,4%;26;26;2155;2;2;1;3;1;0;0;0;0;;;
0053;Cagliari;D;Obert;95,0%;5,88;5,82;0,2%;34;33;2783;0;0;3;8;1;0;0;0;0;Sì;;
0054;Cagliari;D;Rodriguez Ju.;75,0%;5,63;5,72;0,2%;16;16;1315;1;1;0;3;0;0;0;0;0;;;
0055;Cagliari;D;Zè Pedro;75,0%;5,77;5,68;0,2%;22;20;1705;1;0;1;6;0;0;0;0;0;;;
0056;Cagliari;D;Zappa;50,0%;5,90;5,98;0,2%;;;;;;;;;;;;;;Sì;
0057;Cagliari;D;Idrissi R.;25,0%;5,82;6,08;0,2%;17;4;765;1;2;0;3;0;0;0;0;0;;;
0058;Cagliari;D;Kofler;25,0%;0,00;0,00;0,2%;28;28;2416;0;3;0;6;1;0;0;22;0;;;
0059;Cagliari;D;Aurelio;1,0%;0,00;0,00;0,2%;33;25;2300;0;6;3;2;0;0;0;40;0;;;
0060;Cagliari;C;Adopo;95,0%;5,83;5,88;0,2%;38;33;3057;0;1;1;4;0;0;0;0;0;;;
0061;Cagliari;C;Fazzini;95,0%;5,88;5,80;0,6%;12;5;574;1;0;0;2;0;0;0;0;0;Sì;;
0062;Cagliari;C;Romano;75,0%;0,00;0,00;0,2%;19;15;1429;0;0;2;4;0;0;0;28;0;;;Sì
0063;Cagliari;C;Winks;75,0%;0,00;0,00;0,2%;34;26;2568;0;1;2;3;0;0;0;40;0;;;
0064;Cagliari;C;Deiola;50,0%;5,98;5,96;0,2%;20;17;1435;3;0;1;3;0;0;0;0;0;;;
0065;Cagliari;C;Felici;50,0%;6,05;6,55;0,2%;11;4;409;0;2;1;3;0;0;0;0;0;;;
0066;Cagliari;C;Liteta;25,0%;5,75;5,75;0,2%;4;4;267;0;0;0;0;0;0;0;0;0;;;
0067;Cagliari;C;Prati;25,0%;5,88;5,88;0,2%;;;;;;;;;;;;;;;
0068;Cagliari;A;Kevin Carlos;75,0%;0,00;0,00;0,3%;23;9;873;0;0;0;0;0;0;0;0;0;;;
0069;Cagliari;A;Maldini;75,0%;5,94;6,30;0,4%;18;12;952;0;2;1;1;0;0;0;0;0;;;
0070;Cagliari;A;Borrelli;50,0%;5,92;6,46;0,2%;26;13;1272;2;5;1;4;0;0;0;0;0;;;
0071;Cagliari;A;Mendy P.;50,0%;5,94;6,63;0,2%;8;3;330;1;2;0;1;0;0;0;0;0;;;
0072;Cagliari;A;Mutandwa;25,0%;0,00;0,00;0,2%;32;28;2409;0;16;3;6;0;4;0;32;0;;;
0073;Cagliari;A;Trepy;25,0%;6,13;6,88;0,2%;4;0;83;0;1;0;0;0;0;0;0;0;;;
0074;Cagliari;A;Albarracin;1,0%;6,00;6,00;0,2%;;;;;;;;;;;;;;;
0075;Cagliari;A;Esposito Se.;1,0%;6,26;6,87;0,2%;36;34;2702;1;7;4;6;0;1;0;0;0;;;
0076;Como;P;Butez;95,0%;6,07;5,37;6,3%;38;38;3420;0;0;1;3;0;0;0;29;1;;;
0077;Como;P;Tornqvist;1,0%;0,00;0,00;0,2%;0;;;0;0;0;0;0;0;0;0;0;;;
0078;Como;P;Vigorito;1,0%;0,00;0,00;0,2%;0;;;0;0;0;0;0;0;0;0;0;;;
0079;Como;D;Chalobah T.;75,0%;0,00;0,00;2,0%;34;31;2782;0;4;0;2;1;0;0;0;0;;;
0080;Como;D;Couto;75,0%;0,00;0,00;2,0%;19;11;995;0;2;3;4;0;0;0;0;0;;;
0081;Como;D;Ramon;75,0%;6,16;6,14;2,2%;32;30;2742;0;2;0;11;1;0;0;0;0;;;
0082;Como;D;Kaiki;50,0%;0,00;0,00;0,6%;0;;;0;0;0;0;0;0;0;0;0;;;
0083;Como;D;Kempf;50,0%;6,12;6,52;0,4%;29;27;2325;2;4;1;3;0;0;0;0;0;;;
0084;Como;D;Smolcic I.;50,0%;5,96;5,84;0,2%;25;19;1667;1;0;1;8;0;0;0;0;0;;;
0085;Como;D;Valle;50,0%;6,06;6,23;0,2%;26;23;2026;2;1;3;3;0;0;0;0;0;;Sì;
0086;Como;D;Cuenca A.;25,0%;0,00;0,00;0,2%;;;;;;;;;;;;;;;
0087;Como;D;Van Der Brempt;25,0%;5,96;5,96;0,2%;14;11;930;2;0;1;2;0;0;0;0;0;;;
0088;Como;D;Goldaniga;1,0%;0,00;0,00;0,2%;0;0;14;0;0;0;0;0;0;0;0;0;;;
0089;Como;C;Da Cunha;95,0%;6,34;6,91;6,3%;35;31;2747;0;6;4;4;0;4;0;0;0;Sì;;
0090;Como;C;Paz N.;95,0%;6,37;7,30;16,1%;35;33;2887;1;12;5;5;0;0;2;0;0;;;
0091;Como;C;Baturina;75,0%;6,30;7,14;8,4%;25;17;1591;1;6;3;0;0;0;0;0;0;;;
0092;Como;C;Perrone;75,0%;6,22;6,47;1,0%;36;33;2751;2;3;4;8;0;0;0;0;0;;;
0093;Como;C;Caqueret;50,0%;6,11;6,41;0,2%;28;17;1488;0;2;4;3;0;0;0;0;0;;;
0094;Como;C;Liberali;50,0%;0,00;0,00;0,4%;28;20;1572;0;4;3;2;0;0;0;18;0;;;
0095;Como;C;Milla;50,0%;0,00;0,00;0,2%;37;37;3277;0;0;0;0;0;0;0;0;0;;;
0096;Como;C;Rodriguez Je.;50,0%;6,25;6,66;1,2%;28;18;1733;1;2;8;3;1;0;0;0;0;;;
0097;Como;C;Addai;25,0%;5,96;6,54;0,2%;12;7;687;1;3;0;4;0;0;0;0;0;;;
0098;Como;C;Fadera;25,0%;5,92;6,11;0,2%;24;8;976;1;2;1;5;0;0;0;0;0;;;
0099;Como;C;Lahdo;1,0%;0,00;0,00;0,2%;0;;;0;0;0;0;0;0;0;0;0;;;
0100;Como;A;Douvikas;95,0%;6,18;7,37;16,8%;36;25;2277;0;14;1;0;0;1;0;0;0;Sì;;
0101;Como;A;Diao;75,0%;6,00;6,38;2,7%;16;13;1082;1;2;1;2;0;0;0;0;0;;;Sì
0102;Como;A;Azon;25,0%;0,00;0,00;0,2%;38;20;1822;0;5;4;2;0;0;0;19;0;;;
0103;Como;A;Kuhn;25,0%;5,96;6,25;0,2%;14;6;656;0;1;1;0;0;0;0;0;0;;;
0104;Como;A;Morata;25,0%;5,50;5,21;0,2%;;;;;;;;;;;;;;Sì;
0105;Fiorentina;P;De Gea;95,0%;6,24;4,98;3,6%;37;37;3330;0;0;0;1;0;0;0;49;1;;;
0106;Fiorentina;P;Christensen O.;1,0%;7,50;6,50;0,2%;1;1;87;0;0;0;0;0;0;0;1;0;;;
0107;Fiorentina;P;Lezzerini;1,0%;0,00;0,00;0,2%;0;0;3;0;0;0;0;0;0;0;0;0;;;
0108;Fiorentina;D;Dragusin;75,0%;0,00;0,00;1,5%;10;5;534;0;0;0;0;0;0;0;0;0;;;
0109;Fiorentina;D;Jimenez A.;75,0%;5,50;5,00;2,4%;1;0;44;0;0;0;1;0;0;0;0;0;Sì;;
0110;Fiorentina;D;Valdepenas;75,0%;0,00;0,00;0,9%;1;1;78;0;0;0;0;0;0;0;0;0;;;
0111;Fiorentina;D;Viery;75,0%;0,00;0,00;0,2%;0;;;0;0;0;0;0;0;0;0;0;;;
0112;Fiorentina;D;Dodò;50,0%;5,99;6,03;1,0%;36;36;3140;1;1;2;7;0;0;0;0;0;;;
0113;Fiorentina;D;Joao Mario;50,0%;5,79;6,00;0,2%;14;12;995;2;1;1;2;0;0;0;0;0;;;
0114;Fiorentina;D;Pongracic;50,0%;5,84;5,67;0,2%;35;33;2920;0;0;0;12;0;0;0;0;0;;;
0115;Fiorentina;D;Ranieri L.;25,0%;5,85;5,79;0,2%;31;29;2472;0;1;0;8;1;0;0;0;0;;Sì;
0116;Fiorentina;D;Parisi;1,0%;6,02;5,98;0,2%;23;18;1527;2;1;1;6;0;0;0;0;0;;;
0117;Fiorentina;C;Atta;95,0%;6,36;6,88;7,6%;32;29;2564;1;5;3;3;0;0;0;0;0;Sì;;
0118;Fiorentina;C;Fagioli;75,0%;6,03;6,23;0,2%;33;30;2567;0;2;3;5;0;0;0;0;0;;;
0119;Fiorentina;C;Mastantuono;75,0%;0,00;0,00;7,2%;23;11;1036;0;0;0;6;1;0;0;0;0;;;
0120;Fiorentina;C;Gudmundsson A.;50,0%;5,88;6,35;4,2%;32;27;2262;1;5;3;4;1;3;0;0;0;;;
0121;Fiorentina;C;Mandragora;50,0%;6,04;6,61;0,3%;34;30;2436;2;7;2;7;0;1;0;0;0;;;
0122;Fiorentina;C;Ndour;50,0%;5,80;6,07;0,4%;30;20;1873;0;3;0;2;0;0;0;0;0;;;Sì
0123;Fiorentina;C;Oulai;50,0%;0,00;0,00;0,2%;25;24;2077;0;2;4;8;0;0;0;26;0;;;
0124;Fiorentina;C;Brescianini;25,0%;5,97;6,30;0,2%;18;10;1035;0;2;1;2;0;0;0;0;0;;Sì;
0125;Fiorentina;C;Fabbian;25,0%;5,80;6,03;0,2%;22;12;1188;0;2;0;2;0;0;0;0;0;;;
0126;Fiorentina;A;Kean;75,0%;5,88;6,76;20,6%;26;23;2041;0;8;1;4;0;2;0;0;0;;;
0127;Fiorentina;A;Pellegrino M.;50,0%;5,99;6,65;3,6%;37;34;2994;0;9;0;5;0;1;0;0;0;;;
0128;Frosinone;P;Desplanches;50,0%;0,00;0,00;0,2%;25;25;2195;0;0;0;2;0;0;0;48;2;;;
0129;Frosinone;P;Palmisani;50,0%;0,00;0,00;0,2%;38;38;3411;0;0;0;3;0;0;0;34;3;;;
0130;Frosinone;P;Lolic;1,0%;0,00;0,00;0,2%;0;;;0;0;0;0;0;0;0;0;0;;;
0131;Frosinone;P;Pisseri;1,0%;0,00;0,00;5,1%;1;0;9;0;0;0;0;0;0;0;0;0;;;
0132;Frosinone;D;Akpoguma;75,0%;0,00;0,00;0,2%;8;1;58;0;0;0;0;0;0;0;0;0;;;
0133;Frosinone;D;Oyono A.;75,0%;0,00;0,00;0,2%;34;33;2764;0;1;4;8;0;0;0;26;0;;;
0134;Frosinone;D;Bracaglia;50,0%;0,00;0,00;0,2%;32;29;2439;0;5;2;12;0;0;0;22;0;;;
0135;Frosinone;D;Calvani;50,0%;0,00;0,00;0,2%;35;31;2791;0;1;1;4;1;0;0;31;0;;;
0136;Frosinone;D;Monterisi;50,0%;0,00;0,00;0,2%;25;24;2042;0;2;5;7;0;0;0;19;0;;Sì;
0137;Frosinone;D;Terzic;50,0%;0,00;0,00;0,2%;21;9;997;0;0;1;1;0;0;0;14;0;;;
0138;Frosinone;D;Oyono J.;25,0%;0,00;0,00;0,2%;;;;;;;;;;;;;;;
0139;Frosinone;D;Amey;1,0%;0,00;0,00;0,2%;0;;;0;0;0;0;0;0;0;0;0;;;
0140;Frosinone;D;Cittadini;1,0%;0,00;0,00;0,2%;25;14;1203;0;0;0;5;0;0;0;14;0;;;
0141;Frosinone;D;Corrado;1,0%;0,00;0,00;0,2%;;;;;;;;;;;;;;;
0142;Frosinone;D;Gelli J.;1,0%;0,00;0,00;;;;;;;;;;;;;;;;
0143;Frosinone;C;Calò;75,0%;0,00;0,00;1,2%;37;37;3168;0;10;16;7;0;5;0;32;0;Sì;;
0144;Frosinone;C;Schmid;75,0%;0,00;0,00;0,2%;34;34;2993;0;0;0;0;0;0;0;0;0;;;
0145;Frosinone;C;El Azzouzi A.;50,0%;0,00;0,00;0,2%;29;29;2524;0;1;1;9;0;0;0;43;0;;;
0146;Frosinone;C;Grillitsch;50,0%;0,00;0,00;0,2%;20;12;1129;0;1;1;3;0;0;0;17;0;;;
0147;Frosinone;C;Zerbin;50,0%;5,76;5,81;0,2%;29;17;1645;1;0;2;1;0;0;0;0;0;;;Sì
0148;Frosinone;C;Gelli F.;25,0%;0,00;0,00;;25;12;1092;0;1;1;4;0;0;0;8;0;;;
0149;Frosinone;C;Hasa;25,0%;0,00;0,00;0,2%;31;27;2295;0;5;4;4;0;0;0;33;0;;;
0150;Frosinone;C;Koutsoupias;25,0%;0,00;0,00;0,2%;34;30;2579;0;8;4;6;0;0;0;28;0;;;
0151;Frosinone;C;Masini;25,0%;5,98;5,91;0,2%;21;13;1399;0;0;1;5;0;0;0;0;0;;;
0152;Frosinone;C;Cichella;1,0%;0,00;0,00;0,2%;36;23;2244;0;2;4;4;0;0;0;18;0;;;
0153;Frosinone;C;Fini;1,0%;5,50;5,50;0,2%;1;0;31;0;0;0;0;0;0;0;0;0;;;
0154;Frosinone;C;Kone B.;1,0%;0,00;0,00;0,1%;19;7;686;0;1;2;4;0;1;0;9;0;;;
0155;Frosinone;A;Ghedjemis;95,0%;0,00;0,00;0,2%;37;36;3043;0;15;3;4;0;0;0;28;0;Sì;;
0156;Frosinone;A;Raimondo;75,0%;0,00;0,00;0,2%;36;30;2375;0;11;1;3;0;0;0;23;0;;;
0157;Frosinone;A;Kvernadze;50,0%;0,00;0,00;0,2%;36;32;2520;0;5;5;4;1;0;0;20;0;;;
0158;Genoa;P;Bijlow;75,0%;6,06;4,78;0,6%;16;16;1396;0;0;0;1;0;0;0;20;0;;;
0159;Genoa;P;Sommariva;1,0%;5,75;3,75;0,2%;2;1;175;0;0;0;0;0;0;0;4;0;;;
0160;Genoa;P;Stolz;1,0%;0,00;0,00;0,2%;15;15;1350;0;0;0;2;0;0;0;16;0;;;
0161;Genoa;D;Marcandalli;95,0%;5,87;5,84;0,2%;31;29;2600;0;0;1;4;0;0;0;0;0;;;Sì
0162;Genoa;D;Norton-Cuffy;95,0%;5,93;6,10;1,4%;27;25;2216;1;2;1;3;1;0;0;0;0;;;
0163;Genoa;D;Ostigard;95,0%;6,13;6,51;2,6%;30;30;2624;1;5;0;7;0;0;0;0;0;Sì;;
0164;Genoa;D;Vasquez;95,0%;6,08;6,14;0,8%;36;36;3217;0;1;0;2;0;0;0;0;0;;;
0165;Genoa;D;Mitaj;50,0%;0,00;0,00;0,2%;0;;;0;0;0;0;0;0;0;0;0;;;
0166;Genoa;D;Martin;25,0%;5,97;6,11;0,2%;29;26;2170;0;1;5;2;0;0;1;0;0;;Sì;
0167;Genoa;D;Otoa;25,0%;5,60;5,35;0,2%;10;9;828;1;0;0;1;0;0;0;0;0;;;
0168;Genoa;D;Puczka;25,0%;0,00;0,00;0,2%;0;;;0;0;0;0;0;0;0;0;0;;;
0169;Genoa;D;Sabelli;25,0%;5,81;5,66;0,2%;13;12;920;1;0;0;0;0;0;0;0;0;;;
0170;Genoa;D;Matturro;1,0%;0,00;0,00;;;;;;;;;;;;;;;;
0171;Genoa;C;Frendrup;95,0%;5,96;5,97;0,2%;36;35;3089;0;1;0;5;0;0;0;0;0;;;
0172;Genoa;C;Sow;75,0%;0,00;0,00;0,2%;33;27;2198;0;0;0;0;0;0;0;0;0;;;
0173;Genoa;C;Amorim;50,0%;5,72;5,66;0,2%;9;6;553;0;0;0;1;0;0;0;0;0;;;
0174;Genoa;C;Baldanzi;50,0%;6,15;6,39;1,0%;17;8;781;0;1;2;2;0;0;0;0;0;Sì;;
0175;Genoa;C;Ellertsson;50,0%;5,84;5,91;0,2%;35;31;2768;1;1;1;1;1;0;0;0;0;;;
0176;Genoa;C;Meichtry;50,0%;0,00;0,00;0,2%;35;23;1796;0;8;3;8;0;0;0;30;0;;;
0177;Genoa;C;Traorè Hj.;50,0%;0,00;0,00;0,2%;13;7;619;0;2;1;1;0;0;0;0;0;;;
0178;Genoa;C;Messias;25,0%;6,18;6,68;0,2%;19;5;676;0;3;1;1;0;1;0;0;0;;;
0179;Genoa;C;Venturino;25,0%;5,86;5,86;0,2%;7;1;237;0;0;0;0;0;0;0;0;0;;;
0180;Genoa;A;Colombo;95,0%;5,92;6,41;4,6%;37;30;2346;0;7;1;2;0;1;1;0;0;;;
0181;Genoa;A;Vitinha O.;95,0%;5,95;6,39;0,3%;31;28;2242;1;5;1;5;0;0;0;0;0;;;
0182;Genoa;A;Havel;25,0%;0,00;0,00;0,2%;30;27;2314;0;13;3;3;0;3;0;23;0;;;
0183;Inter;P;Martinez Jo.;50,0%;6,00;5,20;6,4%;5;5;450;0;0;0;0;0;0;0;4;0;;;
0184;Inter;P;Provedel;50,0%;6,26;5,35;1,3%;27;27;2430;0;0;0;1;0;0;0;27;1;;;
0185;Inter;P;Di Gennaro;1,0%;6,00;5,00;0,2%;1;0;9;0;0;0;0;0;0;0;1;0;;;
0186;Inter;D;Akanji;95,0%;6,28;6,41;4,0%;32;31;2820;0;2;0;4;0;0;0;0;0;;;
0187;Inter;D;Bastoni;95,0%;6,20;6,34;4,2%;28;28;2251;1;1;4;6;0;0;0;0;0;;;
0188;Inter;D;Dimarco;95,0%;6,60;7,64;12,6%;35;30;2703;0;7;17;3;0;0;0;0;0;Sì;;
0189;Inter;D;Bisseck;50,0%;6,22;6,65;1,4%;23;21;1922;0;3;2;2;0;0;0;0;0;;;
0190;Inter;D;Carlos Augusto;50,0%;6,13;6,17;0,4%;28;18;1753;0;1;1;6;0;0;0;0;0;;;
0191;Inter;D;Spence;50,0%;0,00;0,00;4,3%;30;23;2057;0;0;0;4;0;0;0;0;0;;;
0192;Inter;D;Stones;50,0%;0,00;0,00;2,0%;9;5;439;0;0;0;0;0;0;0;0;0;;;
0193;Inter;D;Pavard;25,0%;6,50;6,50;0,2%;1;1;90;0;0;0;0;0;0;0;0;0;;;
0194;Inter;C;Barella;95,0%;6,28;6,71;5,0%;34;31;2534;0;3;9;7;0;0;0;0;0;;;
0195;Inter;C;Calhanoglu;95,0%;6,52;7,63;12,2%;22;20;1651;0;9;4;7;0;4;1;0;0;;;
0196;Inter;C;Zielinski;95,0%;6,25;6,80;4,8%;30;22;2045;1;6;2;3;0;1;0;0;0;;;
0197;Inter;C;Diouf;50,0%;6,15;6,40;1,3%;10;4;480;0;1;0;1;0;0;0;0;0;;;Sì
0198;Inter;C;Luis Henrique;50,0%;5,89;6,06;0,2%;27;18;1621;0;1;2;1;0;0;0;0;0;;Sì;
0199;Inter;C;Mkhitaryan;50,0%;6,21;6,59;0,2%;28;16;1554;1;4;1;5;0;0;0;0;0;;;
0200;Inter;C;Sucic P.;50,0%;6,07;6,27;0,6%;28;21;1794;0;2;2;5;0;0;0;0;0;;;
0201;Inter;C;Stankovic A.;25,0%;0,00;0,00;0,2%;39;34;3076;0;6;2;4;0;0;0;37;0;;;
0202;Inter;A;Martinez L.;95,0%;6,42;8,25;35,7%;30;27;2177;0;17;6;4;0;0;0;0;0;Sì;;
0203;Inter;A;Thuram;95,0%;6,43;7,95;26,4%;29;24;1914;0;13;6;2;0;0;0;0;0;;;
0204;Inter;A;Bonny;50,0%;6,15;6,84;0,9%;27;10;1128;1;5;4;1;0;0;0;0;0;;;
0205;Inter;A;Esposito F.p.;50,0%;6,26;7,02;5,5%;31;15;1561;0;7;3;1;0;0;0;0;0;;;
0206;Juventus;P;Di Gregorio;75,0%;6,08;5,33;0,8%;;;;;;;;;;;;;;;
0207;Juventus;P;Perin;25,0%;6,11;5,11;0,2%;;;;;;;;;;;;;;;
0208;Juventus;P;Pinsoglio;1,0%;0,00;0,00;0,2%;0;;;0;0;0;0;0;0;0;0;0;;;
0209;Juventus;D;Bremer;95,0%;6,33;6,81;4,1%;26;25;2175;1;4;3;5;0;0;0;0;0;;;
0210;Juventus;D;Cambiaso;95,0%;5,81;5,99;2,2%;36;35;2796;0;3;4;3;1;0;0;0;0;;;
0211;Juventus;D;Kalulu;95,0%;6,14;6,36;3,2%;37;37;3282;0;2;4;2;1;0;0;0;0;;;
0212;Juventus;D;Celik;50,0%;6,17;6,26;0,8%;32;32;2732;1;1;2;2;1;0;0;0;0;;;
0213;Juventus;D;Gatti;50,0%;5,94;6,22;0,2%;16;12;1089;0;2;0;3;0;0;0;0;0;;;
0214;Juventus;D;Kelly L.;50,0%;6,01;6,07;0,4%;35;33;2997;0;1;1;4;0;0;0;0;0;;;Sì
0215;Juventus;D;Lucumì;50,0%;5,88;5,90;0,7%;28;26;2287;1;1;0;5;0;0;0;0;0;;;
0216;Juventus;D;Cabal;25,0%;5,94;6,55;0,2%;9;2;288;0;2;0;1;0;0;0;0;0;;;
0217;Juventus;D;Rugani;1,0%;5,69;5,57;0,2%;8;7;578;0;0;0;2;0;0;0;0;0;;;
0218;Juventus;C;Locatelli;95,0%;6,26;6,19;0,4%;36;36;3006;0;1;2;9;0;0;1;0;0;;;
0219;Juventus;C;Mckennie;95,0%;6,13;6,67;4,5%;34;32;2841;0;5;6;5;0;0;0;0;0;Sì;;
0220;Juventus;C;Alajbegovic;75,0%;0,00;0,00;6,5%;28;22;1912;0;9;3;4;0;0;0;22;0;;;
0221;Juventus;C;Thuram K.;75,0%;6,10;6,39;1,6%;34;30;2453;1;3;2;2;0;0;0;0;0;;;
0222;Juventus;C;Conceicao;50,0%;6,28;6,70;4,2%;30;27;2110;1;3;5;3;0;0;0;0;0;;;
0223;Juventus;C;Douglas Luiz;25,0%;0,00;0,00;0,2%;21;12;930;0;1;0;1;0;0;0;0;0;;;
0224;Juventus;C;Koopmeiners;25,0%;5,64;5,55;0,2%;29;18;1819;0;0;0;5;0;0;0;0;0;;Sì;
0225;Juventus;C;Miretti;25,0%;5,97;6,20;0,2%;;;;;;;;;;;;;;;
0226;Juventus;C;Zhegrova;25,0%;5,96;5,92;0,2%;12;0;364;0;0;0;1;0;0;0;0;0;;Sì;
0227;Juventus;A;Kolo Muani;95,0%;0,00;0,00;27,0%;30;21;1671;0;2;1;2;0;0;0;0;0;;;
0228;Juventus;A;Yildiz;95,0%;6,39;7,30;19,6%;35;33;2844;0;10;6;2;0;1;1;0;0;Sì;;
0229;Juventus;A;Boga;50,0%;6,19;7,15;0,2%;13;6;680;0;4;1;1;0;0;0;0;0;;;
0230;Juventus;A;David;50,0%;5,77;6,34;0,2%;30;20;1784;0;6;2;0;0;0;1;0;0;;;
0231;Juventus;A;Ekhator;25,0%;5,96;6,26;0,2%;25;9;944;0;3;0;3;0;0;0;0;0;;;
0232;Juventus;A;Milik;1,0%;6,00;6,00;0,2%;2;0;34;0;0;0;0;0;0;0;0;0;;;
0233;Lazio;P;Mandas;50,0%;0,00;0,00;1,0%;0;;;0;0;0;0;0;0;0;0;0;;;
0234;Lazio;P;Motta;50,0%;6,00;5,17;0,2%;9;9;810;0;0;0;1;0;0;0;10;1;;;
0235;Lazio;P;Renzetti;1,0%;0,00;0,00;0,1%;0;;;0;0;0;0;0;0;0;0;0;;;
0236;Lazio;D;Doekhi;75,0%;0,00;0,00;0,6%;34;34;3060;0;0;0;0;0;0;0;0;0;;;
0237;Lazio;D;Marusic;75,0%;5,86;5,97;0,2%;33;32;2785;1;1;2;1;1;0;0;0;0;;;
0238;Lazio;D;Pedraza;50,0%;0,00;0,00;0,2%;27;19;1692;0;1;2;6;0;0;0;0;0;;;Sì
0239;Lazio;D;Provstgaard;50,0%;5,91;5,84;0,2%;23;13;1524;1;0;0;3;0;0;0;0;0;;;
0240;Lazio;D;Romagnoli;50,0%;6,03;5,91;0,2%;32;31;2669;1;0;0;6;1;0;0;0;0;;;
0241;Lazio;D;Tavares N.;50,0%;5,91;5,80;0,2%;22;17;1481;0;0;0;5;0;0;0;0;0;;;
0242;Lazio;D;Floriani Mussolini;25,0%;5,72;5,72;0,2%;23;12;1162;1;0;1;2;0;0;0;0;0;;;
0243;Lazio;D;Lazzari;25,0%;5,79;5,73;0,2%;17;9;943;2;0;0;2;0;0;0;0;0;;;
0244;Lazio;D;Patric;25,0%;5,85;5,75;0,2%;10;6;661;0;0;0;2;0;0;0;0;0;;;
0245;Lazio;D;Pellegrini Lu.;25,0%;5,85;5,81;0,2%;24;17;1476;2;1;0;8;0;0;0;0;0;;;
0246;Lazio;C;Taylor K.;95,0%;6,06;6,56;2,8%;17;17;1402;1;3;2;5;0;0;0;0;0;Sì;;
0247;Lazio;C;Zaccagni;95,0%;5,88;5,96;7,0%;26;26;2114;0;3;0;6;1;0;1;0;0;Sì;;
0248;Lazio;C;Cataldi;75,0%;6,07;6,40;0,2%;27;24;1993;1;3;3;6;0;2;0;0;0;;;
0249;Lazio;C;Cancellieri;50,0%;5,93;6,29;0,2%;28;21;1731;1;4;1;6;0;0;0;0;0;;;
0250;Lazio;C;Dele-Bashiru;50,0%;5,69;5,83;0,2%;21;11;1180;1;1;0;0;0;0;0;0;0;;;
0251;Lazio;C;Frattesi;50,0%;5,89;5,89;2,2%;14;3;550;0;0;0;0;0;0;0;0;0;;;
0252;Lazio;C;Isaksen;50,0%;6,04;6,63;0,7%;27;18;1600;0;5;1;0;0;0;0;0;0;;;
0253;Lazio;C;Rovella;50,0%;5,73;5,68;0,2%;11;6;512;2;0;1;1;1;0;0;0;0;;Sì;
0254;Lazio;C;Belahyane;25,0%;5,77;5,82;0,1%;11;5;612;0;0;2;1;1;0;0;0;0;;;
0255;Lazio;C;Przyborek;1,0%;0,00;0,00;;17;11;953;0;2;2;0;0;0;0;17;0;;;
0256;Lazio;A;Dia;50,0%;5,68;5,86;0,2%;25;14;1257;0;1;2;1;0;0;0;0;0;;;
0257;Lazio;A;Noslin;50,0%;6,02;6,50;0,2%;23;9;1134;0;4;2;4;1;0;0;0;0;;;
0258;Lazio;A;Ratkov;25,0%;5,64;5,64;0,4%;7;2;229;0;0;0;0;0;0;0;0;0;;;
0259;Lecce;P;Falcone;95,0%;6,41;5,23;0,9%;38;38;3420;0;0;0;2;0;0;0;50;2;;;
0260;Lecce;P;Penev;1,0%;0,00;0,00;0,2%;0;;;0;0;0;0;0;0;0;0;0;;;
0261;Lecce;D;Gallo;95,0%;5,95;5,99;0,2%;37;34;3079;1;0;3;3;0;0;0;0;0;;;
0262;Lecce;D;Tiago Gabriel;95,0%;6,00;6,01;0,4%;36;36;3220;0;2;0;7;0;0;0;0;0;;;
0263;Lecce;D;Veiga D.;95,0%;5,82;5,70;0,2%;36;33;3021;0;0;0;9;0;0;0;0;0;;;
0264;Lecce;D;Siebert;75,0%;5,68;5,76;0,2%;19;18;1700;0;1;0;3;0;0;0;0;0;;;
0265;Lecce;D;Gaspar K.;25,0%;5,83;5,64;0,2%;21;21;1830;1;0;0;6;1;0;0;0;0;;;
0266;Lecce;D;Ndaba;25,0%;5,50;5,50;;9;6;540;0;0;0;0;0;0;0;0;0;;;
0267;Lecce;D;Jean;1,0%;5,80;5,70;;5;1;191;0;0;0;1;0;0;0;0;0;;;
0268;Lecce;C;Coulibaly L.;95,0%;6,05;6,29;0,2%;33;31;2697;2;3;1;4;0;0;0;0;0;Sì;;
0269;Lecce;C;Berisha M.;75,0%;6,17;6,92;0,2%;12;12;896;1;2;3;0;0;0;0;0;0;;;
0270;Lecce;C;Pierotti;75,0%;5,80;5,85;0,2%;37;31;2629;1;1;1;4;0;0;0;0;0;;;
0271;Lecce;C;Gandelman;50,0%;5,97;6,38;0,2%;17;10;975;0;2;1;0;0;0;0;0;0;;;Sì
0272;Lecce;C;Maleh;50,0%;5,69;5,71;0,2%;21;19;1566;3;1;0;3;1;0;0;0;0;;;
0273;Lecce;C;Kaba;25,0%;5,77;5,72;;11;5;624;0;0;0;1;0;0;0;0;0;;;
0274;Lecce;C;Ngom;25,0%;5,69;5,65;0,1%;13;10;847;0;0;0;1;0;0;0;0;0;;;
0275;Lecce;C;Fofana Sa.;1,0%;5,50;5,50;0,2%;2;1;87;0;0;0;0;0;0;0;0;0;;Sì;
0276;Lecce;C;Gorter;1,0%;5,50;5,50;;1;0;27;0;0;0;0;0;0;0;0;0;;;
0277;Lecce;A;Geubbels;50,0%;0,00;0,00;0,4%;24;12;1013;0;0;0;0;0;0;0;0;0;;;
0278;Lecce;A;N'dri;50,0%;5,82;6,08;0,2%;17;1;519;0;2;0;3;0;0;0;0;0;Sì;;
0279;Lecce;A;Stulic;50,0%;5,73;6,11;0,2%;30;20;1713;0;4;0;1;0;1;0;0;0;;;
0280;Milan;P;Maignan;95,0%;6,26;5,42;7,2%;37;37;3296;1;0;0;4;0;0;0;35;2;;;
0281;Milan;P;Terracciano;1,0%;6,00;6,00;0,2%;2;1;124;0;0;0;0;0;0;0;0;0;;;
0282;Milan;P;Torriani;1,0%;0,00;0,00;0,2%;0;;;0;0;0;0;0;0;0;0;0;;;
0283;Milan;D;Bartesaghi;95,0%;5,97;6,05;1,6%;31;27;2444;2;2;0;3;0;0;0;0;0;;;
0284;Milan;D;Gabbia;95,0%;5,91;5,84;0,3%;29;28;2530;1;0;0;4;0;0;0;0;0;;;
0285;Milan;D;Gila;95,0%;6,03;5,95;2,2%;31;31;2484;5;0;0;3;1;0;0;0;0;;;
0286;Milan;D;Pavlovic;95,0%;6,24;6,62;3,1%;34;33;2872;1;5;0;4;0;0;0;0;0;;;
0287;Milan;D;Tomori;50,0%;5,97;5,88;0,2%;32;31;2564;1;0;1;6;1;0;0;0;0;;Sì;
0288;Milan;D;De Winter;25,0%;5,75;5,90;0,2%;24;19;1804;0;1;1;1;0;0;0;0;0;;;
0289;Milan;D;Estupinan;25,0%;5,64;5,68;0,2%;14;13;1036;0;1;1;5;1;0;0;0;0;;;
0290;Milan;D;Diawara S.;1,0%;0,00;0,00;0,2%;0;;;0;0;0;0;0;0;0;0;0;;;
0291;Milan;C;Modric;95,0%;6,45;6,66;2,1%;33;32;2816;1;2;3;4;0;0;0;0;0;;;
0292;Milan;C;Pulisic;95,0%;6,15;7,08;11,7%;27;18;1612;0;8;4;0;0;0;1;0;0;Sì;;
0293;Milan;C;Rabiot;95,0%;6,33;6,99;6,2%;29;28;2550;0;6;4;4;1;0;0;0;0;;;
0294;Milan;C;Saelemaekers;75,0%;6,14;6,41;2,4%;35;33;2801;3;3;3;5;0;0;0;0;0;;;
0295;Milan;C;Chukwueze;50,0%;5,50;5,50;0,4%;1;0;25;0;0;0;0;0;0;0;0;0;;;Sì
0296;Milan;C;Fofana Y.;50,0%;5,85;6,06;0,2%;33;28;2219;1;2;3;4;0;0;0;0;0;;;
0297;Milan;C;Jashari;50,0%;5,71;5,79;0,2%;12;7;700;1;0;1;0;0;0;0;0;0;;;
0298;Milan;C;Ricci S.;50,0%;6,00;6,16;0,2%;28;11;1295;0;1;3;3;0;0;0;0;0;;Sì;
0299;Milan;C;Loftus-Cheek;25,0%;6,10;6,53;0,2%;21;12;1127;1;3;1;2;0;0;0;0;0;;;
0300;Milan;C;Musah;25,0%;5,94;6,10;0,2%;16;5;652;0;1;0;1;0;0;0;0;0;;;
0301;Milan;C;Cissè A.;1,0%;0,00;0,00;0,2%;22;21;1715;0;6;1;3;0;0;0;19;0;;;
0302;Milan;A;Ramos G.;95,0%;0,00;0,00;26,0%;30;13;1309;0;4;1;2;2;0;0;0;0;Sì;;
0303;Milan;A;Leao;50,0%;5,88;6,86;6,2%;28;23;1872;2;9;3;5;0;2;0;0;0;;;
0304;Milan;A;Nkunku;50,0%;5,94;6,86;0,8%;;;;;;;;;;;;;;;
0305;Milan;A;Camarda;25,0%;5,67;5,64;0,2%;18;7;688;0;1;0;1;0;0;1;0;0;;;
0306;Milan;A;Gimenez;25,0%;5,50;5,50;0,2%;15;11;897;1;0;1;2;0;0;0;0;0;;;
0307;Monza;P;Thiam;75,0%;0,00;0,00;0,2%;42;42;3780;0;0;0;4;0;0;0;37;1;;;Sì
0308;Monza;P;Pizzignacco;25,0%;0,00;0,00;0,2%;;;;;;;;;;;;;;;
0309;Monza;P;Strajnar;1,0%;0,00;0,00;;0;;;0;0;0;0;0;0;0;0;0;;;
0310;Monza;D;Birindelli;95,0%;0,00;0,00;0,2%;37;33;2992;0;5;2;7;0;0;0;33;0;Sì;;
0311;Monza;D;Kouadio;95,0%;6,00;6,00;0,2%;2;0;69;0;0;0;0;0;0;0;0;0;;;
0312;Monza;D;Mangas;95,0%;0,00;0,00;0,2%;15;11;817;0;2;1;3;0;0;0;8;0;;;
0313;Monza;D;Carboni A.;75,0%;0,00;0,00;0,2%;34;28;2557;0;2;2;2;0;0;0;23;0;;;
0314;Monza;D;Delli Carri;50,0%;0,00;0,00;0,2%;36;24;2224;0;3;1;4;0;0;0;24;0;;;
0315;Monza;D;Bakoune;25,0%;0,00;0,00;0,2%;22;9;1046;0;0;3;2;0;0;0;10;0;;;
0316;Monza;D;Lucchesi;25,0%;0,00;0,00;0,1%;32;19;1776;0;1;0;6;0;0;0;21;0;;;
0317;Monza;D;Antov;1,0%;0,00;0,00;0,2%;2;0;20;0;0;0;1;0;0;0;2;0;;;
0318;Monza;C;Pessina;95,0%;0,00;0,00;0,3%;37;37;3267;0;5;1;4;0;3;0;29;0;;;
0319;Monza;C;Ciurria;75,0%;0,00;0,00;0,2%;28;18;1600;0;1;3;4;1;0;0;13;0;;;
0320;Monza;C;Akinsanmiro;50,0%;5,80;5,80;0,2%;23;16;1447;0;0;1;2;0;0;0;0;0;;;
0321;Monza;C;Colombo L.;50,0%;0,00;0,00;0,2%;30;14;1379;0;1;3;7;0;0;0;17;0;;;
0322;Monza;C;Colpani;50,0%;0,00;0,00;0,8%;27;19;1432;0;2;1;0;0;0;0;12;0;;Sì;
0323;Monza;C;Forson O.;50,0%;0,00;0,00;;0;;;0;0;0;0;0;0;0;0;0;;;
0324;Monza;A;Mota;75,0%;0,00;0,00;0,2%;34;26;1921;0;5;4;2;0;0;0;18;0;Sì;;
0325;Monza;A;Cutrone;50,0%;5,71;5,92;0,4%;14;11;895;0;1;0;0;0;0;0;0;0;;;
0326;Monza;A;Petagna;50,0%;0,00;0,00;0,2%;;;;;;;;;;;;;;;
0327;Monza;A;Robinson J.;25,0%;0,00;0,00;0,1%;26;7;878;0;2;1;0;0;0;0;11;0;;;
0328;Monza;A;Varela G.;25,0%;0,00;0,00;0,2%;32;15;1519;0;6;3;3;0;0;1;15;0;;;
0329;Napoli;P;Meret;50,0%;6,23;5,18;5,0%;11;11;980;0;0;1;1;0;0;0;12;0;;;
0330;Napoli;P;Milinkovic-Savic V.;50,0%;6,20;5,64;1,6%;27;27;2430;0;0;0;0;0;0;0;24;3;;;
0331;Napoli;P;Contini;1,0%;0,00;0,00;0,2%;0;0;10;0;0;0;0;0;0;0;0;0;;;
0332;Napoli;D;Di Lorenzo;95,0%;6,08;6,33;3,2%;26;26;2278;1;2;1;1;0;0;0;0;0;;;
0333;Napoli;D;Rrahmani;95,0%;6,24;6,48;2,7%;21;21;1800;3;2;0;2;0;0;0;0;0;;;
0334;Napoli;D;Marin R.;75,0%;0,00;0,00;0,2%;23;21;1979;0;2;0;0;0;0;0;0;0;;;
0335;Napoli;D;Spinazzola;75,0%;6,17;6,55;1,6%;30;22;1905;1;3;3;1;0;0;0;0;0;;;
0336;Napoli;D;Beukema;50,0%;5,93;6,16;0,2%;22;18;1679;1;2;0;2;0;0;0;0;0;;;
0337;Napoli;D;Buongiorno;50,0%;5,89;5,87;0,2%;32;28;2522;1;0;1;3;0;0;0;0;0;;;
0338;Napoli;D;Olivera;50,0%;5,75;5,68;0,2%;22;15;1369;0;0;0;3;0;0;0;0;0;;;Sì
0339;Napoli;D;Marianucci;25,0%;5,73;5,73;0,2%;11;7;692;0;0;1;2;0;0;0;0;0;;;
0340;Napoli;D;Mazzocchi;1,0%;5,94;5,94;0,1%;9;2;301;0;0;1;0;1;0;0;0;0;;;
0341;Napoli;C;Lobotka;95,0%;6,05;6,10;0,2%;31;29;2438;2;1;0;3;0;0;0;0;0;;;
0342;Napoli;C;Mctominay;95,0%;6,39;7,25;14,6%;33;31;2793;1;10;2;1;0;0;1;0;0;Sì;;
0343;Napoli;C;De Bruyne;75,0%;6,26;7,23;5,8%;17;13;1169;1;5;2;1;0;3;0;0;0;;;
0344;Napoli;C;Politano;50,0%;6,09;6,36;1,8%;33;26;2214;3;2;5;4;0;0;0;0;0;;;
0345;Napoli;C;Vergara;50,0%;6,25;6,50;0,3%;8;8;615;2;1;0;2;0;0;0;0;0;;;
0346;Napoli;C;Zambo Anguissa;50,0%;6,17;6,86;1,2%;18;14;1257;0;4;1;1;0;0;0;0;0;;;
0347;Napoli;C;Folorunsho;25,0%;6,04;6,21;0,2%;26;24;2009;1;2;0;3;0;0;0;0;0;;;
0348;Napoli;C;Gilmour;25,0%;6,08;6,27;0,2%;13;8;802;1;1;0;1;0;0;0;0;0;;Sì;
0349;Napoli;A;Hojlund;75,0%;6,21;7,44;24,6%;33;32;2762;1;12;5;1;0;1;0;0;0;;;
0350;Napoli;A;Santos A.;75,0%;6,35;7,23;5,0%;13;9;840;1;4;0;1;0;0;0;0;0;Sì;;
0351;Napoli;A;Lang;50,0%;6,04;6,33;0,2%;14;7;661;1;1;2;2;0;0;0;0;0;;;
0352;Napoli;A;Neres;50,0%;6,19;6,85;1,0%;16;10;925;3;3;3;3;0;0;0;0;0;;;
0353;Napoli;A;Giovane;25,0%;6,00;6,45;0,2%;31;21;1878;0;3;6;2;0;0;0;0;0;;;
0354;Napoli;A;Lucca;1,0%;5,72;6,00;0,2%;9;4;401;0;1;0;1;0;0;0;0;0;;;
0355;Parma;P;Corvi;75,0%;6,18;5,09;0,2%;17;17;1530;0;0;0;1;0;0;0;18;0;;;
0356;Parma;P;Suzuki;50,0%;6,03;4,76;0,4%;;;;;;;;;;;;;;;
0357;Parma;P;Daffara;25,0%;0,00;0,00;0,2%;25;25;2250;0;0;0;1;0;0;0;39;1;;;
0358;Parma;D;Circati;95,0%;5,92;5,92;0,2%;;;;;;;;;;;;;;;
0359;Parma;D;Delprato;95,0%;5,91;6,01;0,6%;35;34;2955;0;2;0;5;0;0;0;0;0;;;Sì
0360;Parma;D;Valeri;95,0%;6,06;6,09;0,8%;34;29;2643;2;0;2;2;0;0;0;0;0;Sì;;
0361;Parma;D;Troilo;75,0%;5,79;5,72;0,2%;21;18;1627;1;1;0;5;2;0;0;0;0;;;
0362;Parma;D;Britschgi;50,0%;5,75;5,70;0,2%;28;22;2096;0;0;2;5;1;0;0;0;0;;;
0363;Parma;D;Carboni F.;25,0%;6,00;6,00;0,2%;2;1;111;0;0;0;0;0;0;0;0;0;;;
0364;Parma;D;Ndiaye;25,0%;5,59;5,36;0,2%;11;9;781;1;0;0;3;1;0;0;0;0;;;
0365;Parma;D;Valenti;25,0%;5,96;5,83;0,2%;27;25;2251;0;0;0;7;0;0;0;0;0;;;
0366;Parma;C;Bernabè;95,0%;6,17;6,48;0,6%;32;31;2495;3;3;1;0;0;0;0;0;0;Sì;;
0367;Parma;C;Keita M.;95,0%;6,01;6,05;0,2%;36;36;2994;0;1;1;1;0;0;0;0;0;;;
0368;Parma;C;Diallo O.;50,0%;0,00;0,00;0,2%;0;;;0;0;0;0;0;0;0;0;0;;;
0369;Parma;C;Nicolussi Caviglia;50,0%;5,89;5,98;0,2%;23;17;1458;0;0;4;4;0;0;0;0;0;;;
0370;Parma;C;Sorensen O.;50,0%;5,85;5,95;0,2%;30;19;1835;0;1;1;2;0;0;0;0;0;;Sì;
0371;Parma;C;Almqvist;25,0%;5,94;6,05;0,2%;9;4;452;1;0;1;0;0;0;0;0;0;;;
0372;Parma;C;Cremaschi;1,0%;6,00;6,00;0,1%;1;2;136;1;0;0;0;0;0;0;0;0;;;
0373;Parma;C;Ordonez C.;1,0%;5,79;5,81;0,1%;21;12;1086;0;1;0;3;1;0;0;0;0;;;
0374;Parma;A;Tourè E.;75,0%;0,00;0,00;0,8%;22;19;1648;0;5;4;4;1;0;0;25;0;;;
0375;Parma;A;Elphege;50,0%;6,00;6,88;0,2%;8;2;305;1;2;1;0;0;0;0;0;0;;;
0376;Parma;A;Frigan;50,0%;0,00;0,00;0,2%;3;2;175;0;1;0;0;0;0;0;7;0;;;
0377;Parma;A;Romero D.;50,0%;0,00;0,00;0,2%;0;;;0;0;0;0;0;0;0;0;0;;;
0378;Parma;A;Lontani;1,0%;0,00;0,00;0,2%;0;;;0;0;0;0;0;0;0;0;0;;;
0379;Roma;P;Svilar;95,0%;6,26;5,44;8,4%;38;38;3420;0;0;0;0;0;0;0;31;0;;;
0380;Roma;P;De Marzi;1,0%;0,00;0,00;0,2%;0;;;0;0;0;0;0;0;0;0;0;;;
0381;Roma;P;Gollini;1,0%;0,00;0,00;0,2%;0;;;0;0;0;0;0;0;0;0;0;;;
0382;Roma;D;Mancini;95,0%;6,25;6,51;3,2%;36;36;3068;1;4;2;9;0;0;0;0;0;;;
0383;Roma;D;N'dicka;95,0%;6,08;6,32;2,2%;31;31;2683;1;3;1;5;0;0;0;0;0;;;
0384;Roma;D;Wesley;95,0%;6,12;6,47;7,0%;30;28;2457;1;5;0;5;2;0;0;0;0;Sì;;
0385;Roma;D;Molina N.;75,0%;0,00;0,00;5,7%;26;13;1321;0;2;1;3;0;0;0;0;0;;;
0386;Roma;D;Ghilardi;50,0%;5,98;5,96;0,2%;21;9;1086;0;0;0;1;0;0;0;0;0;;;
0387;Roma;D;Hermoso;50,0%;6,17;6,41;0,6%;27;25;2095;1;3;2;9;0;0;0;0;0;;;
0388;Roma;D;Koulierakis;50,0%;0,00;0,00;0,7%;29;27;2480;0;0;0;0;0;0;0;0;0;;;
0389;Roma;D;Rensch;50,0%;6,16;6,50;0,2%;19;12;1178;1;1;4;1;0;0;0;0;0;;;
0390;Roma;D;Ziolkowski;25,0%;5,94;5,77;0,3%;9;5;509;0;0;0;3;0;0;0;0;0;;;
0391;Roma;C;Cristante;95,0%;6,11;6,22;0,2%;37;36;3102;0;2;1;6;0;0;0;0;0;;;Sì
0392;Roma;C;Konè M.;95,0%;6,26;6,54;2,6%;29;28;2459;1;2;3;2;0;0;0;0;0;;;
0393;Roma;C;El Aynaoui;50,0%;5,98;6,10;0,2%;21;8;988;0;1;2;5;0;0;0;0;0;;;
0394;Roma;C;Pellegrini Lo.;50,0%;6,04;6,58;0,2%;24;20;1477;1;4;2;2;0;2;0;0;0;;;
0395;Roma;C;Pisilli;50,0%;6,09;6,48;0,2%;22;13;1287;0;2;4;3;0;0;0;0;0;;;
0396;Roma;A;Malen;95,0%;6,72;8,97;35,2%;18;18;1478;0;14;2;1;0;3;1;0;0;Sì;;
0397;Roma;A;Soulè;75,0%;6,13;6,83;3,6%;32;28;2161;1;6;5;1;0;0;0;0;0;;;
0398;Roma;A;Castro S.;50,0%;5,93;6,52;4,4%;35;26;2365;0;7;1;3;0;0;0;0;0;;;
0399;Roma;A;Dybala;50,0%;6,26;6,74;6,8%;21;15;1356;0;2;7;0;0;0;1;0;0;;;
0400;Roma;A;Vaz;25,0%;5,93;6,36;0,2%;7;0;205;0;1;0;0;0;0;0;0;0;;Sì;
0401;Sassuolo;P;Muric;50,0%;6,08;4,77;0,2%;32;32;2880;0;0;0;4;0;0;0;43;1;;Sì;
0402;Sassuolo;P;Turati;50,0%;6,17;5,00;0,2%;6;6;533;0;0;0;0;0;0;0;7;0;;;
0403;Sassuolo;P;Russo A.;1,0%;0,00;0,00;0,2%;0;;;0;0;0;0;0;0;0;0;0;;;
0404;Sassuolo;P;Satalino;1,0%;0,00;0,00;;0;;;0;0;0;0;0;0;0;0;0;;;
0405;Sassuolo;D;Idzes;95,0%;5,94;5,91;0,2%;35;35;3064;2;0;0;2;0;0;0;0;0;;;
0406;Sassuolo;D;Walukiewicz;95,0%;5,81;5,74;0,2%;34;33;2858;0;0;1;7;0;0;0;0;0;;Sì;
0407;Sassuolo;D;Obrador;75,0%;6,06;6,40;0,2%;16;14;1124;0;1;3;1;0;0;0;0;0;;;
0408;Sassuolo;D;Candè;50,0%;5,69;5,57;0,2%;8;5;506;0;0;0;2;0;0;0;0;0;;;
0409;Sassuolo;D;Doig;50,0%;5,85;5,76;0,2%;27;22;1920;0;0;0;5;0;0;0;0;0;;;
0410;Sassuolo;D;Missori;50,0%;0,00;0,00;0,2%;32;28;2493;0;2;2;6;0;0;0;42;0;;;
0411;Sassuolo;D;Pieragnolo;1,0%;0,00;0,00;0,2%;0;;;0;0;0;0;0;0;0;0;0;;;
0412;Sassuolo;C;Matic;95,0%;5,96;5,96;0,2%;34;31;2669;0;1;1;6;1;0;0;0;0;;;Sì
0413;Sassuolo;C;Thorstvedt;95,0%;6,15;6,49;1,2%;31;27;2458;1;4;3;9;0;0;0;0;0;;;
0414;Sassuolo;C;Adzic;50,0%;6,13;6,88;0,2%;4;1;163;0;1;0;0;0;0;0;0;0;;;
0415;Sassuolo;C;Lipani;50,0%;5,93;5,91;0,2%;21;10;1028;0;0;1;3;0;0;0;0;0;;;
0416;Sassuolo;C;Volpato;50,0%;6,14;6,52;0,2%;21;11;1062;0;2;4;4;0;0;0;0;0;;;
0417;Sassuolo;C;Bakola;25,0%;6,17;6,17;0,2%;3;1;124;0;0;0;0;0;0;0;0;0;;;
0418;Sassuolo;C;Dominguez B.;25,0%;5,83;6,04;0,2%;12;6;543;0;0;3;1;0;0;0;0;0;;;
0419;Sassuolo;C;Boloca;1,0%;5,75;5,75;;2;2;136;0;0;0;0;0;0;0;0;0;;;
0420;Sassuolo;C;Iannoni;1,0%;6,00;6,30;;5;1;248;0;1;0;3;0;0;0;0;0;;;
0421;Sassuolo;C;Konè I.;1,0%;6,19;6,63;0,2%;35;33;2774;1;6;0;3;1;0;0;0;0;;;
0422;Sassuolo;A;Berardi;95,0%;6,31;7,19;8,3%;26;24;1971;3;8;4;2;1;2;1;0;0;Sì;;
0423;Sassuolo;A;Laurientè;95,0%;6,23;6,99;4,9%;37;33;2614;0;7;9;4;0;0;0;0;0;Sì;;
0424;Sassuolo;A;Bowie;50,0%;5,96;6,78;0,2%;14;14;1204;0;4;0;1;0;0;0;0;0;;;
0425;Sassuolo;A;Pinamonti;50,0%;5,88;6,62;4,2%;34;32;2575;2;9;3;2;1;0;1;0;0;;;
0426;Sassuolo;A;Moro L.;1,0%;5,58;5,50;0,2%;;;;;;;;;;;;;;;
0427;Torino;P;Paleari;75,0%;6,09;4,52;0,2%;29;29;2610;0;0;0;1;0;0;0;45;0;;;
0428;Torino;P;Mascardi;1,0%;0,00;0,00;0,2%;17;17;1486;0;0;0;0;0;0;0;27;1;;;
0429;Torino;P;Siviero;1,0%;0,00;0,00;0,2%;0;;;0;0;0;0;0;0;0;0;0;;;
0430;Torino;D;Coco;95,0%;5,84;5,91;0,2%;35;35;3090;0;1;1;3;0;0;0;0;0;;;
0431;Torino;D;Comuzzo;75,0%;5,75;5,75;0,2%;24;18;1709;0;1;0;2;0;0;0;0;0;;;
0432;Torino;D;Ismajli;75,0%;5,92;5,90;0,2%;24;21;1906;2;0;2;5;0;0;0;0;0;;;
0433;Torino;D;Pedersen;75,0%;5,84;5,97;0,4%;;;;;;;;;;;;;;;
0434;Torino;D;Comert;50,0%;0,00;0,00;0,2%;17;15;1339;0;0;0;0;0;0;0;0;0;;;
0435;Torino;D;Biraghi;25,0%;5,59;5,59;0,2%;11;5;519;0;0;0;0;0;0;0;0;0;;Sì;
0436;Torino;C;Vlasic;95,0%;6,03;6,67;5,5%;37;36;3056;0;8;3;7;0;5;0;0;0;Sì;;
0437;Torino;C;Cacciamani;75,0%;0,00;0,00;0,2%;36;31;2601;0;2;4;7;0;0;0;31;0;;;
0438;Torino;C;Fitz-Jim;75,0%;0,00;0,00;0,2%;16;4;493;0;1;0;2;0;0;0;8;0;;;
0439;Torino;C;Casadei;50,0%;5,97;6,45;0,7%;32;19;1987;0;6;0;5;0;0;0;0;0;;;
0440;Torino;C;Gineitis;50,0%;5,87;5,81;0,2%;27;23;1765;0;0;1;5;0;0;0;0;0;;;
0441;Torino;C;Oristanio;50,0%;5,78;5,92;0,2%;18;8;856;2;1;0;1;0;0;0;0;0;;;Sì
0442;Torino;C;Aboukhlal;25,0%;5,77;5,59;0,2%;11;6;510;2;0;0;4;0;0;0;0;0;;;
0443;Torino;C;Anjorin;25,0%;5,78;5,72;0,2%;9;1;277;0;0;0;1;0;0;0;0;0;;;
0444;Torino;C;Ilkhan;25,0%;5,82;6,00;0,1%;17;13;1017;0;1;2;2;1;0;0;0;0;;;
0445;Torino;C;Njie;25,0%;5,80;6,10;0,2%;10;2;290;1;1;1;2;0;0;0;0;0;;;
0446;Torino;C;Ilic;1,0%;6,00;5,88;0,2%;8;5;416;0;0;0;2;0;0;0;0;0;;;
0447;Torino;A;Simeone;75,0%;6,08;7,10;9,6%;32;27;2246;2;11;0;1;0;0;0;0;0;Sì;;
0448;Torino;A;Adams C.;50,0%;5,98;6,64;0,2%;32;19;1895;0;6;3;0;0;0;0;0;0;;;
0449;Torino;A;Zapata D.;50,0%;5,83;6,13;0,2%;23;11;1108;0;3;1;0;0;0;1;0;0;;;
0450;Torino;A;Kulenovic;25,0%;5,71;5,71;0,2%;7;3;294;0;0;1;2;0;0;0;0;0;;;
0451;Udinese;P;Okoye;95,0%;6,07;5,09;1,6%;30;30;2617;0;0;1;1;1;0;0;32;1;;;
0452;Udinese;P;Padelli;1,0%;6,25;5,25;0,2%;2;2;180;0;0;0;0;0;0;0;2;0;;;
0453;Udinese;P;Piana;1,0%;0,00;0,00;0,2%;0;;;0;0;0;0;0;0;0;0;0;;;
0454;Udinese;D;Solet;95,0%;6,18;6,40;3,8%;34;34;2961;1;3;1;1;0;1;0;0;0;;;
0455;Udinese;D;Kabasele;75,0%;5,98;6,18;0,2%;28;28;2257;1;3;0;5;1;0;0;0;0;;;
0456;Udinese;D;Vojvoda;75,0%;6,02;6,26;1,4%;27;19;1595;0;2;1;1;0;0;0;0;0;;;
0457;Udinese;D;Bertola;50,0%;5,86;5,84;0,2%;25;18;1761;3;0;1;3;0;0;0;0;0;;;
0458;Udinese;D;Kamara H.;50,0%;5,88;5,86;0,2%;26;22;1869;2;0;2;5;0;0;0;0;0;;;
0459;Udinese;D;Zanoli;50,0%;6,05;6,29;0,2%;19;16;1291;0;1;2;1;0;0;0;0;0;;;
0460;Udinese;D;Ebosse;25,0%;5,75;5,69;0,2%;16;16;1334;1;0;1;4;0;0;0;0;0;;;
0461;Udinese;D;Mlacic;25,0%;5,83;5,50;0,3%;3;2;163;1;0;0;2;0;0;0;0;0;;;
0462;Udinese;D;Palma;25,0%;5,50;5,50;0,2%;4;1;116;0;0;0;0;0;0;0;0;0;;;
0463;Udinese;D;Abankwah;1,0%;0,00;0,00;0,2%;31;30;2603;0;1;0;5;1;0;0;44;0;;;
0464;Udinese;D;Arizala;1,0%;5,80;5,80;;5;1;183;0;0;0;0;0;0;0;0;0;;;
0465;Udinese;C;Ekkelenkamp;95,0%;6,05;6,61;2,1%;31;27;2205;1;5;3;1;0;0;0;0;0;Sì;;
0466;Udinese;C;Karlstrom;95,0%;5,96;5,96;0,2%;36;36;3153;0;1;0;6;0;0;0;0;0;;Sì;
0467;Udinese;C;Zaniolo;95,0%;6,26;6,78;7,4%;31;28;2272;2;5;5;8;0;0;0;0;0;;;
0468;Udinese;C;Piotrowski;50,0%;5,88;5,95;0,2%;30;20;1700;1;1;0;2;0;0;0;0;0;;;
0469;Udinese;C;Unai Gomez;50,0%;0,00;0,00;0,2%;26;12;977;0;1;1;1;1;0;0;0;0;;;
0470;Udinese;C;Chakvetadze;25,0%;0,00;0,00;0,2%;29;22;1801;0;0;3;6;0;0;0;26;0;;;
0471;Udinese;C;Miller L.;25,0%;5,92;5,92;0,2%;19;9;989;0;0;2;4;0;0;0;0;0;;;
0472;Udinese;C;Camara A.;1,0%;0,00;0,00;0,2%;;;;;;;;;;;;;;;
0473;Udinese;C;Zarraga;1,0%;5,75;5,65;0,1%;10;2;455;0;0;0;2;0;0;0;0;0;;;
0474;Udinese;A;Davis K.;95,0%;6,32;7,37;12,0%;30;27;2080;3;10;4;5;0;4;0;0;0;Sì;;
0475;Udinese;A;Buksa;25,0%;5,88;6,24;0,2%;;;;;;;;;;;;;;;
0476;Udinese;A;Gueye;25,0%;5,77;5,92;0,2%;13;1;404;0;1;0;2;0;0;0;0;0;;;
0477;Udinese;A;Bayo V.;1,0%;5,75;5,83;0,1%;12;4;474;0;0;1;0;0;0;0;0;0;;;
0478;Venezia;P;Stankovic F.;95,0%;0,00;0,00;0,2%;38;38;3420;0;0;0;0;0;0;0;31;0;;;
0479;Venezia;P;Grandi;1,0%;0,00;0,00;0,2%;0;;;0;0;0;0;0;0;0;0;0;;;
0480;Venezia;P;Pozzi;1,0%;0,00;0,00;0,2%;0;;;0;0;0;0;0;0;0;0;0;;;
0481;Venezia;D;Bella-Kotchap;95,0%;5,83;5,75;0,2%;18;14;1346;4;0;0;3;0;0;0;0;0;;;
0482;Venezia;D;Schingtienne;95,0%;0,00;0,00;0,2%;35;35;3047;0;1;2;2;2;0;0;26;0;;;
0483;Venezia;D;Haps;75,0%;0,00;0,00;0,2%;25;13;1221;0;5;3;6;0;0;0;8;0;;;Sì
0484;Venezia;D;Correia T.;50,0%;0,00;0,00;0,2%;24;17;1394;0;0;0;0;0;0;0;0;0;;;
0485;Venezia;D;Hainaut;50,0%;0,00;0,00;0,2%;37;36;3049;0;5;5;4;0;0;0;28;0;;;
0486;Venezia;D;Halhal;50,0%;0,00;0,00;0,2%;33;32;2849;0;1;2;10;0;0;0;49;0;;;
0487;Venezia;D;Moreno M.;50,0%;0,00;0,00;0,2%;28;27;2256;0;0;0;0;0;0;0;0;0;;;
0488;Venezia;D;Franjic;25,0%;0,00;0,00;;19;15;1246;0;0;2;2;0;0;0;14;0;;Sì;
0489;Venezia;D;Gomes;25,0%;0,00;0,00;0,1%;12;6;631;0;0;0;5;0;0;0;7;0;;;
0490;Venezia;D;Sagrado;1,0%;0,00;0,00;0,2%;29;12;1297;0;1;1;1;0;0;0;12;0;;;
0491;Venezia;D;Sverko;1,0%;0,00;0,00;;25;22;1935;0;0;1;3;0;0;0;16;0;;;
0492;Venezia;C;Busio;95,0%;0,00;0,00;0,2%;37;37;3205;0;7;4;8;0;1;0;28;0;Sì;;
0493;Venezia;C;Basic;75,0%;6,09;6,44;0,2%;23;23;1749;3;2;3;0;1;0;0;0;0;;;
0494;Venezia;C;Dagasso;50,0%;0,00;0,00;0,2%;30;20;1798;0;3;4;2;0;0;0;38;0;;;
0495;Venezia;C;Perez K.;50,0%;0,00;0,00;0,2%;35;33;2769;0;3;7;8;0;0;0;22;0;;;
0496;Venezia;C;Sohm;50,0%;5,65;5,63;0,2%;24;18;1431;0;0;1;3;0;0;0;0;0;;;
0497;Venezia;C;Helgason;25,0%;5,63;5,63;0,2%;4;1;141;0;0;0;0;0;0;0;0;0;;;
0498;Venezia;C;Duncan;1,0%;0,00;0,00;0,2%;17;8;744;0;1;1;1;1;0;0;6;0;;;
0499;Venezia;A;Adams A.;75,0%;0,00;0,00;2,0%;32;21;2060;0;0;0;0;0;0;0;0;0;;;
0500;Venezia;A;Yeboah J.;75,0%;0,00;0,00;0,5%;34;31;2619;0;10;9;2;1;2;2;20;0;Sì;;
0501;Venezia;A;Rrahmani Al.;50,0%;0,00;0,00;0,2%;0;;;0;0;0;0;0;0;0;0;0;;;
0502;Venezia;A;Adorante;25,0%;0,00;0,00;0,2%;33;30;2183;0;17;1;5;0;5;2;19;0;;;
0503;Venezia;A;Lauberbach;25,0%;0,00;0,00;0,2%;22;21;1871;0;6;1;4;0;0;0;22;0;;;
0504;Venezia;A;Lisman;1,0%;0,00;0,00;0,2%;13;4;370;0;0;1;0;0;0;0;3;0;;;
